Shop name,Shop ID,Shop ID.1,Order Count,Count of misc payment,Sales (excl. tax),Tax on sales,Sales (incl. tax),Order error adjustments,Tax on order error adjustments,Order error adjustments (incl. tax),Price adjustments (excl. tax),Tax on price adjustments,Price adjustments (incl. tax),Offers on items (incl. tax),Tax on offers on items,Delivery offer redemptions (incl. tax),Tax on delivery offer redemptions,Offer Redemption Fee,Marketing adjustment,Bag fee,Marketplace Fee,Tax on Marketplace Fee,Delivery network fee,Tax on delivery network fee,Order processing fee,Total sales after adjustments (incl. tax),Capital payments,Other payments,Marketplace facilitator tax,Backup withholding tax,Total payout ,Payout date,Payout reference ID
McDonald's® (Rosemd & Duarte),4b892c34-4a74-43a3-b849-f14a67f7a96b,13304,194,14,4770.15,449.12,5219.27,-30.49,-6.17,-36.66,0,0,0,-620.96,-60.59,0,0,0,0,0.0,-638.83,0,0,0,0,4598.31,0,-65.63,-382.36,0,3414.24,02/09/2025,34955559IMROD2Q
McDonald's® (Rosemd & Duarte),4b892c34-4a74-43a3-b849-f14a67f7a96b,13304,256,16,5766.84,542.1,6308.94,-57.6,-4.58,-62.18,0,0,0,-692.28,-69.98,0,0,0,0,0.0,-778.95,0,0,0,0,5616.66,0,-155.49,-467.54,0,4198.94,08/09/2025,9N6C6S7I8DV5WWM
McDonald's® (Rosemd & Duarte),4b892c34-4a74-43a3-b849-f14a67f7a96b,13304,207,19,4592.87,424.05,5016.92,-66.54,-6.78,-73.32,0,0,0,-475.06,-48.57,0,0,0,0,0.0,-634.04,0,0,0,0,4541.86,0,-154.95,-368.7,0,3287.24,15/09/2025,OJYXTE4HCRANN2B
McDonald's® (Valley/Walnut Grove),17f08fe8-346f-47b6-be77-2331065e0215,25534,187,12,4985.34,454.38,5439.72,-41.59,-3.29,-44.88,0,0,0,-553.6,-52.32,0,0,0,0,0.0,-682.65,0,0,0,0,4886.12,0,-66.43,-398.77,0,3641.07,02/09/2025,3Z9DT3LUZZ3VQKK
McDonald's® (Valley/Walnut Grove),17f08fe8-346f-47b6-be77-2331065e0215,25534,171,16,4389.73,400.3,4790.03,-41.45,-3.28,-44.73,0,0,0,-409.15,-41.03,0,0,0,0,0.0,-611.22,0,0,0,0,4380.88,0,-151.47,-355.99,0,3256.25,08/09/2025,PDS7PY1EDXHMXNS
McDonald's® (Valley/Walnut Grove),17f08fe8-346f-47b6-be77-2331065e0215,25534,158,20,3530.3,320.88,3851.18,21.04,0.0,21.04,0,0,0,-395.39,-40.0,0,0,0,0,0.0,-480.23,0,0,0,0,3455.79,0,-154.34,-280.88,0,2533.54,15/09/2025,B10KUNR5U4YZFZR
McDonald's® (San Gabrl/San Ga),1f8ab679-c108-4b76-a4ba-62f48e2c9357,11375,83,12,1927.5,185.04,2112.54,12.29,-0.29,12.0,0,0,0,-194.06,-19.16,0,0,0,0,0.0,-266.31,0,0,0,0,1918.48,0,-61.86,-165.59,0,1417.56,02/09/2025,P2VL68828Y2UX79
McDonald's® (San Gabrl/San Ga),1f8ab679-c108-4b76-a4ba-62f48e2c9357,11375,80,16,2068.31,199.1,2267.41,-40.95,-7.33,-48.28,0,0,0,-240.33,-24.66,0,0,0,0,0.0,-281.34,0,0,0,0,2027.08,0,-139.91,-167.11,0,1388.12,08/09/2025,ADWF37NX295BMIW
McDonald's® (San Gabrl/San Ga),1f8ab679-c108-4b76-a4ba-62f48e2c9357,11375,68,17,1705.06,162.01,1867.07,-25.68,-3.56,-29.24,0,0,0,-191.36,-19.88,0,0,0,0,0.0,-233.1,0,0,0,0,1675.71,0,-132.51,-138.57,0,1133.29,15/09/2025,WAYBEIMAH0L14RK
McDonald's® (S Pasadena-F Oak),d0d08d0d-9b9f-47b0-8958-33b9e25f2f35,942,161,13,3732.51,361.33,4093.84,-36.92,-3.68,-40.6,0,0,0,-324.17,-32.58,0,0,0,0,0.0,-522.75,0,0,0,0,3769.67,0,-85.66,-325.07,0,2763.01,02/09/2025,T2WPGVI5S16PPUB
McDonald's® (S Pasadena-F Oak),d0d08d0d-9b9f-47b0-8958-33b9e25f2f35,942,156,16,3786.24,370.01,4156.25,-14.17,-0.63,-14.8,0,0,0,-354.6,-36.0,0,0,0,0,0.0,-529.08,0,0,0,0,3801.65,0,-209.37,-333.38,0,2730.84,08/09/2025,HB6ERGZZX2ZIJVR
McDonald's® (S Pasadena-F Oak),d0d08d0d-9b9f-47b0-8958-33b9e25f2f35,942,141,16,3139.76,309.23,3448.99,8.18,0.0,8.18,0,0,0,-287.96,-29.9,0,0,0,0,0.0,-438.23,0,0,0,0,3161.03,0,-186.42,-279.33,0,2250.05,15/09/2025,AZ37AYC6A2IT0SP
McDonald's® (Pasadena/Lake),99e3a709-e1ea-41dd-81f2-9d65086dad02,804,280,14,6810.43,667.44,7477.87,-44.1,-4.64,-48.74,0,0,0,-633.44,-63.81,0,0,0,0,0.0,-949.77,0,0,0,0,6844.43,0,-86.78,-598.99,0,5096.34,02/09/2025,CLY1V0W5FT8ZOY0
McDonald's® (Pasadena/Lake),99e3a709-e1ea-41dd-81f2-9d65086dad02,804,291,16,6841.72,666.84,7508.56,-37.43,-5.16,-42.59,0,0,0,-574.22,-60.04,0,0,0,0,0.0,-953.65,0,0,0,0,6934.34,0,-176.11,-601.64,0,5243.0,08/09/2025,QR59IOHKEYFCZ8A
McDonald's® (Pasadena/Lake),99e3a709-e1ea-41dd-81f2-9d65086dad02,804,316,19,7139.96,697.69,7837.65,-81.97,-9.2,-91.17,0,0,0,-637.76,-66.55,0,0,0,0,0.0,-998.76,0,0,0,0,7199.89,0,-193.45,-621.94,0,5247.22,15/09/2025,M8D2YHQU9XZW66P
McDonald's® (W. Altadena),b4515eb1-36b4-4dc5-afd1-ba6e92b00830,11949,131,13,3003.35,276.78,3280.13,-16.94,-1.17,-18.11,0,0,0,-215.26,-20.19,0,0,0,0,0.0,-427.95,0,0,0,0,3064.87,0,-71.71,-255.42,0,2271.49,02/09/2025,DJSWANZG0ZE0R8D
McDonald's® (W. Altadena),b4515eb1-36b4-4dc5-afd1-ba6e92b00830,11949,161,16,3888.97,367.47,4256.44,-50.74,-5.32,-56.06,0,0,0,-295.41,-29.93,0,0,0,0,0.0,-549.91,0,0,0,0,3961.03,0,-157.55,-332.22,0,2902.92,08/09/2025,96O7JKWQ4EU8W4M
McDonald's® (W. Altadena),b4515eb1-36b4-4dc5-afd1-ba6e92b00830,11949,126,21,3278.4,315.74,3594.14,-36.95,-6.16,-43.11,0,0,0,-236.36,-24.14,0,0,0,0,0.0,-462.33,0,0,0,0,3357.78,0,-203.44,-285.44,0,2348.28,15/09/2025,NNSYWVTA7D3AOOT
McDonald's® (2310 W. COMMONWEALTH),2a9bba74-69c2-42f3-b196-92daa39c535e,34882,92,13,2002.89,192.55,2195.44,-74.4,-7.38,-81.78,0,0,0,-248.32,-24.99,0,0,0,0,0.0,-269.6,0,0,0,0,1947.12,0,-51.05,-160.18,0,1359.52,02/09/2025,PQA2W7J9HVWXQSF
McDonald's® (2310 W. COMMONWEALTH),2a9bba74-69c2-42f3-b196-92daa39c535e,34882,138,8,3262.48,320.43,3582.91,-56.8,-5.66,-62.46,0,0,0,-329.77,-34.34,0,0,0,0,0.0,-452.62,0,0,0,0,3253.14,0,-86.92,-280.43,0,2422.33,08/09/2025,VZ5BHO7YT4J17MB
McDonald's® (2310 W. COMMONWEALTH),2a9bba74-69c2-42f3-b196-92daa39c535e,34882,181,19,4131.76,400.94,4532.7,-53.34,-7.54,-60.88,0,0,0,-369.04,-38.34,0,0,0,0,0.0,-580.92,0,0,0,0,4163.66,0,-192.72,-355.06,0,2947.9,15/09/2025,RM603NU1N3LZJ3X
McDonald's® (Glendora),e564063f-c4db-401f-b30c-98b41e888739,17547,144,12,3430.01,325.75,3755.76,-103.77,-9.55,-113.32,0,0,0,-382.09,-37.38,0,0,0,0,0.0,-465.55,0,0,0,0,3373.67,0,-55.52,-278.82,0,2423.08,02/09/2025,WNIB4308BXKJ15M
McDonald's® (Glendora),e564063f-c4db-401f-b30c-98b41e888739,17547,149,14,3686.09,359.46,4045.55,-102.89,-13.15,-116.04,0,0,0,-332.71,-34.49,0,0,0,0,0.0,-509.6,0,0,0,0,3712.84,0,-152.94,-311.82,0,2619.93,08/09/2025,4E84TO3PUY6HR2Q
McDonald's® (Glendora),e564063f-c4db-401f-b30c-98b41e888739,17547,95,19,2316.25,223.51,2539.76,9.44,-1.25,8.19,0,0,0,-333.22,-34.58,0,0,0,0,0.0,-304.25,0,0,0,0,2206.54,0,-118.44,-187.68,0,1585.78,15/09/2025,DGMJAPT7UKQ7WZ1
McDonald's® (L.A. - Huntington),7fbe53bb-1cdd-4da6-958c-13669c7839c0,4310,267,12,6373.76,587.48,6961.24,-47.28,-4.31,-51.59,0,0,0,-637.3,-60.44,0,0,0,0,26.7,-887.66,0,0,0,0,6350.64,0,-80.95,-522.73,0,4747.27,02/09/2025,G15WY5MBJ7L2VDJ
McDonald's® (L.A. - Huntington),7fbe53bb-1cdd-4da6-958c-13669c7839c0,4310,261,16,6637.32,612.04,7249.36,-43.63,-4.14,-47.77,0,0,0,-622.39,-61.52,0,0,0,0,26.1,-927.29,0,0,0,0,6653.07,0,-176.98,-546.38,0,5011.71,08/09/2025,XEJOOS7J8VP5SPW
McDonald's® (L.A. - Huntington),7fbe53bb-1cdd-4da6-958c-13669c7839c0,4310,253,19,6142.92,563.0,6705.92,-53.36,-6.54,-59.9,0,0,0,-605.13,-60.38,0,0,0,0,25.3,-851.64,0,0,0,0,6126.09,0,-185.61,-496.08,0,4491.68,15/09/2025,N2TW17CRHBOLE14
McDonald's® (L.A. - 50Th/Figueroa),72df6cad-e604-4e19-97cc-42b8e674a5ce,26929,187,14,4013.42,359.62,4373.04,-28.36,-2.35,-30.71,0,0,0,-415.12,-38.59,0,0,0,0,18.7,-554.14,0,0,0,0,3976.62,0,-207.48,-318.68,0,2827.02,02/09/2025,DRBNFWYSHVW0YQY
McDonald's® (L.A. - 50Th/Figueroa),72df6cad-e604-4e19-97cc-42b8e674a5ce,26929,219,16,5243.65,469.54,5713.19,-31.55,-3.15,-34.7,0,0,0,-584.54,-56.52,0,0,0,0,21.9,-719.71,0,0,0,0,5150.55,0,-130.55,-409.87,0,3922.71,08/09/2025,KQDAYEFV99QSH32
McDonald's® (L.A. - 50Th/Figueroa),72df6cad-e604-4e19-97cc-42b8e674a5ce,26929,224,19,5401.56,473.3,5874.86,-26.53,-3.02,-29.55,0,0,0,-479.18,-46.83,0,0,0,0,22.4,-763.01,0,0,0,0,5418.08,0,-160.44,-423.45,0,4023.6,15/09/2025,CNLNF3UWNOYGOVE
McDonald's® (Pasadena),8b199a27-009b-49be-97ce-823d7a753aea,15449,238,14,5578.05,544.15,6122.2,-32.33,-2.77,-35.1,0,0,0,-749.28,-75.95,0,0,0,0,0.0,-745.72,0,0,0,0,5372.92,0,-90.37,-465.43,0,3960.35,02/09/2025,1GUS9FNNW30PIEA
McDonald's® (Pasadena),8b199a27-009b-49be-97ce-823d7a753aea,15449,239,16,5785.75,563.17,6348.92,-38.46,-2.93,-41.39,0,0,0,-735.78,-76.85,0,0,0,0,0.0,-781.56,0,0,0,0,5613.14,0,-172.95,-483.39,0,4170.91,08/09/2025,61BR42AIWVUJUOO
McDonald's® (Pasadena),8b199a27-009b-49be-97ce-823d7a753aea,15449,281,18,6168.89,602.23,6771.12,-25.73,-6.58,-32.31,0,0,0,-601.82,-62.57,0,0,0,0,0.0,-861.04,0,0,0,0,6169.3,0,-186.57,-533.08,0,4523.17,15/09/2025,GKOBSII1ITDMF09
McDonald's® (Rosemd & Duarte),4b892c34-4a74-43a3-b849-f14a67f7a96b,13304,165,10,4230.57,400.87,4631.44,-38.44,-2.54,-40.98,0,0,0,-555.02,-56.79,0,0,0,0,0.0,-568.41,0,0,0,0,4076.42,0,-20.12,-341.54,0,3048.58,04/08/2025,QIQ3PID8LYK0I9Q
McDonald's® (Rosemd & Duarte),4b892c34-4a74-43a3-b849-f14a67f7a96b,13304,170,12,4432.26,413.89,4846.15,-5.6,-0.15,-5.75,0,0,0,-762.65,-76.66,0,0,0,0,0.0,-561.38,0,0,0,0,4083.5,0,-19.54,-337.08,0,3083.09,11/08/2025,N5B94D7VVCTNIS2
McDonald's® (Valley/Walnut Grove),17f08fe8-346f-47b6-be77-2331065e0215,25534,130,12,3023.11,281.99,3305.1,-5.39,-0.53,-5.92,0,0,0,-356.81,-36.48,0,0,0,0,0.0,-409.51,0,0,0,0,2948.29,0,-19.49,-244.98,0,2231.91,04/08/2025,AB6JMDHNST7NGA2
McDonald's® (Valley/Walnut Grove),17f08fe8-346f-47b6-be77-2331065e0215,25534,146,12,4062.94,365.1,4428.04,-27.71,-6.2,-33.91,0,0,0,-603.79,-61.08,0,0,0,0,0.0,-527.38,0,0,0,0,3824.25,0,-20.32,-297.82,0,2883.74,11/08/2025,AWA9P7QP5M53G5Y
McDonald's® (San Gabrl/San Ga),1f8ab679-c108-4b76-a4ba-62f48e2c9357,11375,48,11,1134.8,108.21,1243.01,1.81,-0.84,0.97,0,0,0,-66.3,-6.71,0,0,0,0,0.0,-162.83,0,0,0,0,1176.71,0,-10.93,-100.66,0,896.55,04/08/2025,9XEBD1RWHKH3BJ2
McDonald's® (San Gabrl/San Ga),1f8ab679-c108-4b76-a4ba-62f48e2c9357,11375,35,8,949.23,92.74,1041.97,0.0,0.0,0.0,0,0,0,-131.85,-13.47,0,0,0,0,0.0,-125.96,0,0,0,0,910.12,0,-8.23,-79.27,0,683.19,11/08/2025,ZKE8B4F6UU15J2O
McDonald's® (S Pasadena-F Oak),d0d08d0d-9b9f-47b0-8958-33b9e25f2f35,942,130,13,3161.43,305.59,3467.02,-8.72,-0.53,-9.25,0,0,0,-349.82,-36.12,0,0,0,0,0.0,-434.36,0,0,0,0,3117.2,0,-18.85,-268.94,0,2349.68,04/08/2025,RUAYOSLL2NPAUE4
McDonald's® (S Pasadena-F Oak),d0d08d0d-9b9f-47b0-8958-33b9e25f2f35,942,108,13,2736.36,264.8,3001.16,-3.19,-0.33,-3.52,0,0,0,-332.81,-34.74,0,0,0,0,0.0,-374.93,0,0,0,0,2668.35,0,-20.6,-229.73,0,2004.83,11/08/2025,HRKQFCQDLKY3G6D
McDonald's® (Pasadena/Lake),99e3a709-e1ea-41dd-81f2-9d65086dad02,804,321,13,7594.23,742.01,8336.24,-84.39,-8.86,-93.25,0,0,0,-827.52,-86.98,0,0,0,0,0.0,-1032.92,0,0,0,0,7508.72,0,-40.98,-646.17,0,5608.42,04/08/2025,UEJZ9B2P0CV9ZU7
McDonald's® (Pasadena/Lake),99e3a709-e1ea-41dd-81f2-9d65086dad02,804,296,14,7374.0,711.48,8085.48,-67.07,-5.87,-72.94,0,0,0,-877.67,-91.28,0,0,0,0,0.0,-988.49,0,0,0,0,7207.81,0,-38.09,-614.33,0,5402.68,11/08/2025,N3FLUTVWCM7VZ1K
McDonald's® (W. Altadena),b4515eb1-36b4-4dc5-afd1-ba6e92b00830,11949,122,11,3018.45,290.31,3308.76,-18.11,-2.45,-20.56,0,0,0,-313.85,-32.5,0,0,0,0,0.0,-414.88,0,0,0,0,2994.91,0,-21.3,-255.36,0,2250.31,04/08/2025,XZVWK5SF7WUYOFU
McDonald's® (W. Altadena),b4515eb1-36b4-4dc5-afd1-ba6e92b00830,11949,122,13,3037.18,293.24,3330.42,-10.96,-3.35,-14.31,0,0,0,-317.6,-32.88,0,0,0,0,0.0,-414.13,0,0,0,0,3012.82,0,-16.52,-257.01,0,2277.97,11/08/2025,XLQCBJP7EU4PIQA
McDonald's® (2310 W. COMMONWEALTH),2a9bba74-69c2-42f3-b196-92daa39c535e,34882,143,9,3620.27,361.49,3981.76,-30.43,-2.8,-33.23,0,0,0,-485.0,-50.61,0,0,0,0,0.0,-478.01,0,0,0,0,3496.76,0,-19.36,-308.08,0,2607.47,04/08/2025,YQ7YGU0OFQXN500
McDonald's® (2310 W. COMMONWEALTH),2a9bba74-69c2-42f3-b196-92daa39c535e,34882,155,13,3840.13,368.93,4209.06,-63.48,-7.98,-71.46,0,0,0,-540.87,-56.57,0,0,0,0,0.0,-506.12,0,0,0,0,3668.19,0,-20.87,-304.38,0,2708.79,11/08/2025,A6PXA6285S1LKP8
McDonald's® (Glendora),e564063f-c4db-401f-b30c-98b41e888739,17547,84,12,2396.46,232.97,2629.43,-30.44,-3.25,-33.69,0,0,0,-194.05,-20.35,0,0,0,0,0.0,-336.55,0,0,0,0,2435.38,0,-11.23,-209.37,0,1824.19,04/08/2025,GNCFR58UPDI3KEZ
McDonald's® (Glendora),e564063f-c4db-401f-b30c-98b41e888739,17547,96,10,2539.65,251.22,2790.87,10.04,-2.65,7.39,0,0,0,-282.29,-29.63,0,0,0,0,0.0,-346.83,0,0,0,0,2508.58,0,-8.75,-218.94,0,1911.82,11/08/2025,VREKXFKZM10JI43
McDonald's® (L.A. - Huntington),7fbe53bb-1cdd-4da6-958c-13669c7839c0,4310,225,13,6009.93,561.77,6571.7,-16.97,-4.41,-21.38,0,0,0,-781.09,-77.31,0,0,0,0,22.5,-803.62,0,0,0,0,5813.11,0,-41.71,-480.05,0,4389.04,04/08/2025,CC8O6D8KOV33S71
McDonald's® (L.A. - Huntington),7fbe53bb-1cdd-4da6-958c-13669c7839c0,4310,210,14,5429.15,507.79,5936.94,-69.31,-6.24,-75.55,0,0,0,-620.32,-61.45,0,0,0,0,21.0,-739.54,0,0,0,0,5337.62,0,-40.34,-440.1,0,3980.64,11/08/2025,B43JR18BM14SERS
McDonald's® (L.A. - 50Th/Figueroa),72df6cad-e604-4e19-97cc-42b8e674a5ce,26929,229,14,5902.27,534.16,6436.43,-32.39,-3.15,-35.54,0,0,0,-677.58,-66.65,0,0,0,0,22.9,-807.89,0,0,0,0,5781.75,0,-251.24,-464.36,0,4156.07,04/08/2025,UM9ND8SAY8P8Y9F
McDonald's® (L.A. - 50Th/Figueroa),72df6cad-e604-4e19-97cc-42b8e674a5ce,26929,237,14,5663.32,509.98,6173.3,-28.31,-3.27,-31.58,0,0,0,-604.35,-59.22,0,0,0,0,23.7,-782.26,0,0,0,0,5592.65,0,-254.0,-447.49,0,4018.1,11/08/2025,1F8VTEPIAF5LUP6
McDonald's® (Pasadena),8b199a27-009b-49be-97ce-823d7a753aea,15449,239,14,5913.29,581.3,6494.59,-19.61,-1.97,-21.58,0,0,0,-596.7,-62.12,0,0,0,0,0.0,-816.54,0,0,0,0,5897.89,0,-39.06,-517.21,0,4441.38,04/08/2025,NE96JXD3OX7SKPO
McDonald's® (Pasadena),8b199a27-009b-49be-97ce-823d7a753aea,15449,213,14,4990.18,483.04,5473.22,-4.64,-3.33,-7.97,0,0,0,-715.24,-74.61,0,0,0,0,0.0,-659.97,0,0,0,0,4757.98,0,-40.47,-405.1,0,3569.86,11/08/2025,451AEFXTBMBNY7N
McDonald's® (Rosemd & Duarte),4b892c34-4a74-43a3-b849-f14a67f7a96b,13304,158,16,3648.78,342.62,3991.4,-6.14,-0.64,-6.78,0,0,0,-420.19,-42.44,0,0,0,0,0.0,-489.55,0,0,0,0,3571.21,0,-175.77,-299.54,0,2557.13,30/06/2025,CXWCVPJYD6YGB9M
McDonald's® (Rosemd & Duarte),4b892c34-4a74-43a3-b849-f14a67f7a96b,13304,144,9,3481.74,328.32,3810.06,-20.55,-2.11,-22.66,0,0,0,-204.98,-21.14,0,0,0,0,0.0,-497.92,0,0,0,0,3605.08,0,-19.99,-305.07,0,2759.63,07/07/2025,0OMII9PQYWP8SNH
McDonald's® (Valley/Walnut Grove),17f08fe8-346f-47b6-be77-2331065e0215,25534,162,12,4044.93,368.48,4413.41,-20.36,-2.83,-23.19,0,0,0,-657.13,-67.08,0,0,0,0,0.0,-520.99,0,0,0,0,3756.28,0,-19.41,-298.57,0,2844.46,30/06/2025,BUIS3RL8MKEUF53
McDonald's® (Valley/Walnut Grove),17f08fe8-346f-47b6-be77-2331065e0215,25534,108,13,2635.01,230.85,2865.86,-7.42,-0.78,-8.2,0,0,0,-213.52,-21.8,0,0,0,0,0.0,-374.6,0,0,0,0,2652.34,0,-20.67,-208.27,0,2035.53,07/07/2025,U13ZOF4Y8IATQX3
McDonald's® (San Gabrl/San Ga),1f8ab679-c108-4b76-a4ba-62f48e2c9357,11375,45,8,1123.04,103.07,1226.11,45.87,0.0,45.87,0,0,0,-122.26,-12.64,0,0,0,0,0.0,-155.97,0,0,0,0,1103.85,0,-10.6,-90.43,0,883.43,30/06/2025,FEMFDNDBFI1EJ0I
McDonald's® (San Gabrl/San Ga),1f8ab679-c108-4b76-a4ba-62f48e2c9357,11375,48,8,1273.44,121.54,1394.98,-20.79,-1.71,-22.5,0,0,0,-79.32,-8.34,0,0,0,0,0.0,-184.24,0,0,0,0,1315.66,0,-8.19,-111.49,0,986.04,07/07/2025,GMKYZOFPEAPNW7Z
McDonald's® (S Pasadena-F Oak),d0d08d0d-9b9f-47b0-8958-33b9e25f2f35,942,130,12,3124.6,298.13,3422.73,-46.46,-5.15,-51.61,0,0,0,-317.58,-32.74,0,0,0,0,0.0,-432.41,0,0,0,0,3105.15,0,-20.48,-260.24,0,2318.39,30/06/2025,F65J30F5GUZ3E2D
McDonald's® (S Pasadena-F Oak),d0d08d0d-9b9f-47b0-8958-33b9e25f2f35,942,125,13,2782.63,268.73,3051.36,7.79,-2.17,5.62,0,0,0,-138.13,-14.31,0,0,0,0,0.0,-408.41,0,0,0,0,2913.23,0,-19.03,-252.25,0,2234.29,07/07/2025,UB1RU5S5H07KFM5
McDonald's® (Pasadena/Lake),99e3a709-e1ea-41dd-81f2-9d65086dad02,804,366,13,9187.57,881.67,10069.24,-42.97,-3.35,-46.32,0,0,0,-1224.3,-127.89,0,0,0,0,0.0,-1225.7,0,0,0,0,8844.94,0,-39.07,-750.43,0,6691.71,30/06/2025,DJ56YEA660UICRC
McDonald's® (Pasadena/Lake),99e3a709-e1ea-41dd-81f2-9d65086dad02,804,289,16,6568.3,646.22,7214.52,-20.43,-3.37,-23.8,0,0,0,-476.83,-49.88,0,0,0,0,0.0,-929.51,0,0,0,0,6737.69,0,-39.14,-592.97,0,5132.01,07/07/2025,A3SJSDFI4UQCDZM
McDonald's® (W. Altadena),b4515eb1-36b4-4dc5-afd1-ba6e92b00830,11949,63,11,1648.39,157.0,1805.39,-16.04,-1.68,-17.72,0,0,0,-195.51,-20.11,0,0,0,0,0.0,-224.03,0,0,0,0,1609.88,0,-37.59,-135.21,0,1185.94,30/06/2025,I7X8SWYEFWS8MP9
McDonald's® (W. Altadena),b4515eb1-36b4-4dc5-afd1-ba6e92b00830,11949,119,10,3085.5,295.38,3380.88,-16.02,-1.56,-17.58,0,0,0,-155.12,-16.05,0,0,0,0,0.0,-449.56,0,0,0,0,3225.76,0,-12.96,-277.77,0,2456.0,07/07/2025,YWORTNZIUUQJYLJ
McDonald's® (2310 W. COMMONWEALTH),2a9bba74-69c2-42f3-b196-92daa39c535e,34882,126,10,3161.57,312.94,3474.51,-5.49,-0.58,-6.07,0,0,0,-520.31,-54.18,0,0,0,0,0.0,-405.73,0,0,0,0,2954.2,0,-15.75,-258.18,0,2234.39,30/06/2025,TAJWMK3M9AW7ATF
McDonald's® (2310 W. COMMONWEALTH),2a9bba74-69c2-42f3-b196-92daa39c535e,34882,151,13,3914.69,386.64,4301.33,-27.18,-2.82,-30.0,0,0,0,-206.24,-21.71,0,0,0,0,0.0,-570.85,0,0,0,0,4095.09,0,-20.25,-362.11,0,3105.2,07/07/2025,UR6UIUQQ4YS9UCO
McDonald's® (Glendora),e564063f-c4db-401f-b30c-98b41e888739,17547,88,10,2145.49,204.75,2350.24,-7.21,-0.77,-7.98,0,0,0,-257.13,-27.22,0,0,0,0,0.0,-294.35,0,0,0,0,2093.11,0,-13.72,-176.76,0,1579.11,30/06/2025,CB9W3RLK93EP7Q9
McDonald's® (Glendora),e564063f-c4db-401f-b30c-98b41e888739,17547,73,11,1754.65,166.36,1921.01,-5.34,-0.57,-5.91,0,0,0,-79.09,-8.47,0,0,0,0,0.0,-261.76,0,0,0,0,1841.92,0,-6.96,-157.32,0,1410.63,07/07/2025,SP2N8DW6GHF0IPZ
McDonald's® (L.A. - Huntington),7fbe53bb-1cdd-4da6-958c-13669c7839c0,4310,245,13,6039.29,550.03,6589.32,-41.0,-2.53,-43.53,0,0,0,-668.64,-65.82,0,0,0,0,24.5,-825.39,0,0,0,0,5945.18,0,-41.72,-481.68,0,4515.85,30/06/2025,DW2BEHN4ZFOE2QE
McDonald's® (L.A. - Huntington),7fbe53bb-1cdd-4da6-958c-13669c7839c0,4310,178,14,4632.83,434.54,5067.37,-29.3,-2.87,-32.17,0,0,0,-318.48,-32.02,0,0,0,0,17.8,-663.1,0,0,0,0,4766.69,0,-38.53,-399.65,0,3620.77,07/07/2025,4JL6LXTSMK8UNS4
McDonald's® (L.A. - 50Th/Figueroa),72df6cad-e604-4e19-97cc-42b8e674a5ce,26929,250,15,5869.02,529.91,6398.93,-18.72,-1.83,-20.55,0,0,0,-650.03,-63.5,0,0,0,0,25.0,-806.62,0,0,0,0,5773.9,0,-254.66,-464.58,0,4194.81,30/06/2025,PGSB421ZSSD577V
McDonald's® (L.A. - 50Th/Figueroa),72df6cad-e604-4e19-97cc-42b8e674a5ce,26929,231,16,5138.48,460.01,5598.49,-48.58,-4.48,-53.06,0,0,0,-197.6,-19.33,0,0,0,0,23.1,-758.03,0,0,0,0,5423.99,0,-247.94,-436.2,0,3933.77,07/07/2025,CR0O3EJPKYI0NYT
McDonald's® (Pasadena),8b199a27-009b-49be-97ce-823d7a753aea,15449,253,13,5806.06,547.6,6353.66,-85.72,-8.42,-94.14,0,0,0,-654.39,-68.29,0,0,0,0,0.0,-798.76,0,0,0,0,5699.27,0,-40.33,-470.89,0,4270.41,30/06/2025,SDWQ4QE5QZ4G676
McDonald's® (Pasadena),8b199a27-009b-49be-97ce-823d7a753aea,15449,220,13,5027.59,487.49,5515.08,-23.61,-1.61,-25.22,0,0,0,-386.38,-40.77,0,0,0,0,0.0,-712.38,0,0,0,0,5128.7,0,-37.52,-445.11,0,3891.29,07/07/2025,SGDTBEC3F1JXZQ7
McDonald's® (Rosemd & Duarte),4b892c34-4a74-43a3-b849-f14a67f7a96b,13304,163,11,3989.72,371.72,4361.44,-10.21,-1.83,-12.04,0,0,0,-397.95,-40.72,0,0,0,0,0.0,-554.19,0,0,0,0,3963.49,0,-18.69,-329.17,0,3022.75,14/07/2025,I5BLHTWKX6IYC5Y
McDonald's® (Rosemd & Duarte),4b892c34-4a74-43a3-b849-f14a67f7a96b,13304,181,9,4364.35,408.84,4773.19,-10.78,-1.01,-11.79,0,0,0,-467.93,-47.67,0,0,0,0,0.0,-596.33,0,0,0,0,4305.26,0,-21.49,-360.16,0,3267.82,21/07/2025,AD1U2SSZ05AA6N1
McDonald's® (Valley/Walnut Grove),17f08fe8-346f-47b6-be77-2331065e0215,25534,163,14,4039.13,369.47,4408.6,-35.23,-3.63,-38.86,0,0,0,-406.97,-41.07,0,0,0,0,0.0,-558.36,0,0,0,0,4001.63,0,-60.83,-324.77,0,2991.81,14/07/2025,3978ENGTGKFBEYK
McDonald's® (Valley/Walnut Grove),17f08fe8-346f-47b6-be77-2331065e0215,25534,144,10,3480.09,307.97,3788.06,17.49,-0.9,16.59,0,0,0,-394.07,-39.74,0,0,0,0,0.0,-474.48,0,0,0,0,3393.99,0,-20.49,-267.33,0,2608.54,21/07/2025,D5UEKLHIP4IK5NG
McDonald's® (San Gabrl/San Ga),1f8ab679-c108-4b76-a4ba-62f48e2c9357,11375,53,12,1380.85,128.49,1509.34,14.27,0.0,14.27,0,0,0,-151.9,-15.65,0,0,0,0,0.0,-187.8,0,0,0,0,1357.44,0,6.53,-112.84,0,1064.63,14/07/2025,X36QJQ1PSYKZ8OE
McDonald's® (San Gabrl/San Ga),1f8ab679-c108-4b76-a4ba-62f48e2c9357,11375,44,8,1158.1,109.37,1267.47,-0.8,-0.08,-0.88,0,0,0,-151.7,-15.94,0,0,0,0,0.0,-152.29,0,0,0,0,1115.77,0,-11.23,-93.35,0,842.08,21/07/2025,LP3ZPFPI388YP08
McDonald's® (S Pasadena-F Oak),d0d08d0d-9b9f-47b0-8958-33b9e25f2f35,942,150,11,3648.13,350.14,3998.27,-0.5,0.0,-0.5,0,0,0,-288.01,-29.55,0,0,0,0,0.0,-517.51,0,0,0,0,3710.26,0,-20.18,-320.59,0,2833.32,14/07/2025,J38IOKIPFIM0HVA
McDonald's® (S Pasadena-F Oak),d0d08d0d-9b9f-47b0-8958-33b9e25f2f35,942,113,12,2978.74,288.3,3267.04,-4.91,-0.65,-5.56,0,0,0,-397.68,-41.29,0,0,0,0,0.0,-397.66,0,0,0,0,2869.36,0,-19.34,-246.36,0,2159.15,21/07/2025,QMKH0JE0RSJUI6U
McDonald's® (Pasadena/Lake),99e3a709-e1ea-41dd-81f2-9d65086dad02,804,320,13,7135.14,695.36,7830.5,-4.34,-1.03,-5.37,0,0,0,-533.69,-55.82,0,0,0,0,0.0,-1004.15,0,0,0,0,7296.81,0,-23.88,-638.51,0,5603.25,14/07/2025,5XLRSWD0XK24W6R
McDonald's® (Pasadena/Lake),99e3a709-e1ea-41dd-81f2-9d65086dad02,804,374,13,8244.79,790.95,9035.74,-39.7,-3.14,-42.84,0,0,0,-765.57,-79.85,0,0,0,0,0.0,-1134.88,0,0,0,0,8270.17,0,-40.33,-707.96,0,6264.31,21/07/2025,P5INA8NV9ZVASET
McDonald's® (W. Altadena),b4515eb1-36b4-4dc5-afd1-ba6e92b00830,11949,119,13,2826.82,275.03,3101.85,-83.84,-8.06,-91.9,0,0,0,-254.2,-26.21,0,0,0,0,0.0,-394.78,0,0,0,0,2847.65,0,-20.16,-240.76,0,2084.56,14/07/2025,TT7UWVCPHHSYFGP
McDonald's® (W. Altadena),b4515eb1-36b4-4dc5-afd1-ba6e92b00830,11949,119,10,2855.05,268.41,3123.46,47.29,-2.84,44.45,0,0,0,-299.22,-30.92,0,0,0,0,0.0,-388.46,0,0,0,0,2824.24,0,-21.74,-234.65,0,2192.92,21/07/2025,D8IBZ2NMJ8M3BI6
McDonald's® (2310 W. COMMONWEALTH),2a9bba74-69c2-42f3-b196-92daa39c535e,34882,149,13,3483.63,342.76,3826.39,-29.32,-4.52,-33.84,0,0,0,-315.64,-33.17,0,0,0,0,0.0,-484.21,0,0,0,0,3510.75,0,-20.77,-305.07,0,2647.76,14/07/2025,RF42W0NNOCA7GOM
McDonald's® (2310 W. COMMONWEALTH),2a9bba74-69c2-42f3-b196-92daa39c535e,34882,143,10,3129.28,304.71,3433.99,-8.34,-2.68,-11.02,0,0,0,-368.2,-38.67,0,0,0,0,0.0,-423.42,0,0,0,0,3065.79,0,-18.89,-263.36,0,2310.43,21/07/2025,B44NFQH88NZ12Y7
McDonald's® (Glendora),e564063f-c4db-401f-b30c-98b41e888739,17547,73,10,1736.14,174.65,1910.79,-23.32,-2.22,-25.54,0,0,0,-159.44,-16.89,0,0,0,0,0.0,-244.67,0,0,0,0,1751.35,0,-11.16,-155.54,0,1304.25,14/07/2025,HTGLJ4BBNXWFWLZ
McDonald's® (Glendora),e564063f-c4db-401f-b30c-98b41e888739,17547,107,8,2554.77,247.06,2801.83,-27.8,-4.88,-32.68,0,0,0,-331.17,-35.26,0,0,0,0,0.0,-340.61,0,0,0,0,2470.66,0,-8.71,-206.92,0,1846.48,21/07/2025,TD9WU5M5HPY60WU
McDonald's® (L.A. - Huntington),7fbe53bb-1cdd-4da6-958c-13669c7839c0,4310,226,15,5606.36,520.71,6127.07,-54.4,-4.91,-59.31,0,0,0,-376.66,-37.54,0,0,0,0,22.6,-804.74,0,0,0,0,5773.01,0,-40.43,-478.26,0,4376.18,14/07/2025,2H1EWZEIWTJ14OT
McDonald's® (L.A. - Huntington),7fbe53bb-1cdd-4da6-958c-13669c7839c0,4310,206,14,5051.44,466.66,5518.1,-84.86,-9.76,-94.62,0,0,0,-451.21,-44.7,0,0,0,0,20.6,-702.76,0,0,0,0,5087.49,0,-38.74,-412.2,0,3794.47,21/07/2025,XXBL9M3KUX0N79Y
McDonald's® (L.A. - 50Th/Figueroa),72df6cad-e604-4e19-97cc-42b8e674a5ce,26929,268,16,6446.89,586.01,7032.9,-50.2,-5.18,-55.38,0,0,0,-585.1,-57.85,0,0,0,0,26.8,-900.75,0,0,0,0,6474.6,0,-254.11,-522.98,0,4708.99,14/07/2025,WSV0VWFK15Y93FG
McDonald's® (L.A. - 50Th/Figueroa),72df6cad-e604-4e19-97cc-42b8e674a5ce,26929,267,14,6659.26,601.42,7260.68,-58.74,-9.88,-68.62,0,0,0,-793.41,-78.12,0,0,0,0,26.7,-899.21,0,0,0,0,6493.97,0,-251.9,-513.42,0,4682.7,21/07/2025,OOBFZ4Q2E1THKSY
McDonald's® (Pasadena),8b199a27-009b-49be-97ce-823d7a753aea,15449,241,13,5626.39,552.06,6178.45,-59.1,-5.63,-64.73,0,0,0,-452.28,-47.31,0,0,0,0,0.0,-793.01,0,0,0,0,5726.17,0,-40.05,-499.12,0,4311.43,14/07/2025,KBOOXVMF84C05KE
McDonald's® (Pasadena),8b199a27-009b-49be-97ce-823d7a753aea,15449,240,12,5444.75,534.24,5978.99,-38.97,-6.83,-45.8,0,0,0,-677.12,-70.91,0,0,0,0,0.0,-728.25,0,0,0,0,5301.87,0,-41.14,-456.5,0,3959.27,21/07/2025,ESWEUOYT263LSDS
McDonald's® (Rosemd & Duarte),4b892c34-4a74-43a3-b849-f14a67f7a96b,13304,180,11,4285.35,411.38,4696.73,-15.39,-2.67,-18.06,0,0,0,-628.11,-64.21,0,0,0,0,0.0,-558.36,0,0,0,0,4068.62,0,-18.99,-344.5,0,3071.86,28/07/2025,5JXSH8PJWFZGCV5
McDonald's® (Valley/Walnut Grove),17f08fe8-346f-47b6-be77-2331065e0215,25534,146,14,3877.23,361.01,4238.24,-35.39,-1.89,-37.28,0,0,0,-587.84,-59.36,0,0,0,0,0.0,-502.51,0,0,0,0,3650.4,0,-19.34,-299.76,0,2740.15,28/07/2025,L73NDIUA7HPUOPS
McDonald's® (San Gabrl/San Ga),1f8ab679-c108-4b76-a4ba-62f48e2c9357,11375,54,8,1304.84,127.34,1432.18,-9.78,-1.03,-10.81,0,0,0,-131.27,-13.33,0,0,0,0,0.0,-179.31,0,0,0,0,1300.91,0,-8.31,-112.98,0,978.41,28/07/2025,PLFTJETXN5R1AE9
McDonald's® (S Pasadena-F Oak),d0d08d0d-9b9f-47b0-8958-33b9e25f2f35,942,127,13,2957.17,289.98,3247.15,-1.54,-0.63,-2.17,0,0,0,-263.06,-27.48,0,0,0,0,0.0,-416.01,0,0,0,0,2984.09,0,-20.41,-261.87,0,2263.51,28/07/2025,WBZRBLERDTHUDTZ
McDonald's® (Pasadena/Lake),99e3a709-e1ea-41dd-81f2-9d65086dad02,804,354,16,8667.65,848.84,9516.49,-80.58,-9.8,-90.38,0,0,0,-1036.15,-108.38,0,0,0,0,0.0,-1165.05,0,0,0,0,8480.34,0,-99.81,-730.66,0,6298.22,28/07/2025,NFXGOKA1RP4JAA7
McDonald's® (W. Altadena),b4515eb1-36b4-4dc5-afd1-ba6e92b00830,11949,128,13,3073.92,297.66,3371.58,-32.21,-3.3,-35.51,0,0,0,-372.55,-38.26,0,0,0,0,0.0,-414.01,0,0,0,0,2999.03,0,-72.36,-256.1,0,2189.51,28/07/2025,3JZ7DEA3IDPK6SZ
McDonald's® (2310 W. COMMONWEALTH),2a9bba74-69c2-42f3-b196-92daa39c535e,34882,154,11,3843.51,380.75,4224.26,-73.42,-5.74,-79.16,0,0,0,-504.68,-52.8,0,0,0,0,0.0,-513.91,0,0,0,0,3719.58,0,-20.92,-322.21,0,2737.94,28/07/2025,MFAK8SK09SEPMP4
McDonald's® (Glendora),e564063f-c4db-401f-b30c-98b41e888739,17547,93,9,2379.02,232.87,2611.89,11.83,-0.99,10.84,0,0,0,-328.08,-34.89,0,0,0,0,0.0,-313.12,0,0,0,0,2283.81,0,-10.0,-196.99,0,1745.09,28/07/2025,CIUIWT2C5CRXVDO
McDonald's® (L.A. - Huntington),7fbe53bb-1cdd-4da6-958c-13669c7839c0,4310,196,14,5011.54,464.15,5475.69,-71.84,-7.01,-78.85,0,0,0,-642.26,-63.7,0,0,0,0,19.6,-664.65,0,0,0,0,4853.03,0,-39.94,-393.44,0,3617.57,28/07/2025,2TGOWEJO795URS2
McDonald's® (L.A. - 50Th/Figueroa),72df6cad-e604-4e19-97cc-42b8e674a5ce,26929,245,15,5969.99,546.58,6516.57,-90.18,-10.44,-100.62,0,0,0,-685.01,-67.38,0,0,0,0,24.5,-816.99,0,0,0,0,5856.06,0,-257.16,-468.76,0,4161.79,28/07/2025,5PJZ36OH37CRRW7
McDonald's® (Pasadena),8b199a27-009b-49be-97ce-823d7a753aea,15449,230,15,5592.01,547.02,6139.03,-17.9,-3.49,-21.39,0,0,0,-638.87,-66.75,0,0,0,0,0.0,-754.6,0,0,0,0,5500.16,0,-39.12,-476.78,0,4154.96,28/07/2025,DXJSG060QJ2E3B0
McDonald's® (Rosemd & Duarte),4b892c34-4a74-43a3-b849-f14a67f7a96b,13304,211,14,5245.68,497.34,5743.02,-14.08,-1.92,-16.0,0,0,0,-731.16,-73.65,0,0,0,0,0.0,-694.23,0,0,0,0,5011.86,0,-20.08,-421.77,0,3786.13,18/08/2025,NNA3IPD7XKTB2SS
McDonald's® (Rosemd & Duarte),4b892c34-4a74-43a3-b849-f14a67f7a96b,13304,202,15,4956.64,468.88,5425.52,-10.16,-2.32,-12.48,0,0,0,-761.23,-76.42,0,0,0,0,0.0,-641.39,0,0,0,0,4664.29,0,-19.22,-390.14,0,3529.64,25/08/2025,W1ZUI1GN9N010GM
McDonald's® (Valley/Walnut Grove),17f08fe8-346f-47b6-be77-2331065e0215,25534,161,12,3853.19,355.27,4208.46,15.86,-0.92,14.94,0,0,0,-474.31,-46.39,0,0,0,0,0.0,-518.15,0,0,0,0,3734.15,0,-20.02,-307.96,0,2856.57,18/08/2025,FMXQQW1LWAV1WED
McDonald's® (Valley/Walnut Grove),17f08fe8-346f-47b6-be77-2331065e0215,25534,154,13,3883.36,351.88,4235.24,-53.34,-4.95,-58.29,0,0,0,-633.28,-62.78,0,0,0,0,0.0,-500.43,0,0,0,0,3601.96,0,-19.97,-284.15,0,2676.34,25/08/2025,KTXF7EYGBGZ4MDA
McDonald's® (San Gabrl/San Ga),1f8ab679-c108-4b76-a4ba-62f48e2c9357,11375,57,11,1363.7,132.24,1495.94,-14.91,-1.01,-15.92,0,0,0,-191.22,-19.38,0,0,0,0,0.0,-181.93,0,0,0,0,1304.72,0,-11.0,-111.85,0,964.64,18/08/2025,WI23JL2CKGLTHOY
McDonald's® (San Gabrl/San Ga),1f8ab679-c108-4b76-a4ba-62f48e2c9357,11375,57,13,1334.97,125.62,1460.59,-18.09,-2.57,-20.66,0,0,0,-169.66,-17.13,0,0,0,0,0.0,-179.71,0,0,0,0,1290.93,0,-8.89,-105.92,0,963.62,25/08/2025,U4BNV4E3V8HWPUY
McDonald's® (S Pasadena-F Oak),d0d08d0d-9b9f-47b0-8958-33b9e25f2f35,942,142,14,3406.73,325.81,3732.54,-64.93,-7.22,-72.15,0,0,0,-390.64,-39.49,0,0,0,0,0.0,-469.26,0,0,0,0,3341.9,0,-20.0,-279.1,0,2461.9,18/08/2025,8REVWAY00OZ72ER
McDonald's® (S Pasadena-F Oak),d0d08d0d-9b9f-47b0-8958-33b9e25f2f35,942,122,13,2763.76,256.79,3020.55,2.63,-3.58,-0.95,0,0,0,-362.51,-35.47,0,0,0,0,0.0,-371.55,0,0,0,0,2658.04,0,-20.26,-217.74,0,2022.07,25/08/2025,OB5N3WW47WSYUR6
McDonald's® (Pasadena/Lake),99e3a709-e1ea-41dd-81f2-9d65086dad02,804,308,14,7656.68,743.78,8400.46,-70.41,-8.42,-78.83,0,0,0,-1066.74,-106.52,0,0,0,0,0.0,-1005.11,0,0,0,0,7333.72,0,-42.18,-628.84,0,5472.24,18/08/2025,HEZ2NAY52N8L0JQ
McDonald's® (Pasadena/Lake),99e3a709-e1ea-41dd-81f2-9d65086dad02,804,286,14,6542.14,633.55,7175.69,-64.36,-6.22,-70.58,0,0,0,-835.09,-83.54,0,0,0,0,0.0,-874.16,0,0,0,0,6340.6,0,-38.94,-543.79,0,4729.59,25/08/2025,FKIWII6ZVLU7JFH
McDonald's® (W. Altadena),b4515eb1-36b4-4dc5-afd1-ba6e92b00830,11949,152,14,3562.71,334.3,3897.01,-32.02,-3.8,-35.82,0,0,0,-403.72,-39.41,0,0,0,0,0.0,-482.49,0,0,0,0,3493.29,0,-10.85,-291.09,0,2633.63,18/08/2025,CVCTJLR6RXZJVNB
McDonald's® (W. Altadena),b4515eb1-36b4-4dc5-afd1-ba6e92b00830,11949,129,14,2961.53,275.36,3236.89,-60.06,-5.8,-65.86,0,0,0,-355.35,-35.65,0,0,0,0,0.0,-397.86,0,0,0,0,2881.54,0,-30.37,-233.91,0,2117.89,25/08/2025,133C7AC1998MFGB
McDonald's® (2310 W. COMMONWEALTH),2a9bba74-69c2-42f3-b196-92daa39c535e,34882,168,11,4201.43,413.33,4614.76,-0.86,-3.15,-4.01,0,0,0,-781.4,-80.64,0,0,0,0,0.0,-527.11,0,0,0,0,3833.36,0,-19.31,-329.54,0,2872.75,18/08/2025,IMYVJBDYAD6T838
McDonald's® (2310 W. COMMONWEALTH),2a9bba74-69c2-42f3-b196-92daa39c535e,34882,147,15,3582.02,350.28,3932.3,-92.51,-9.21,-101.72,0,0,0,-624.85,-63.83,0,0,0,0,0.0,-451.89,0,0,0,0,3307.45,0,-19.87,-277.24,0,2402.9,25/08/2025,QHSVW3MGYHYX0SU
McDonald's® (Glendora),e564063f-c4db-401f-b30c-98b41e888739,17547,86,12,2203.38,214.65,2418.03,-27.42,-2.96,-30.38,0,0,0,-354.73,-35.54,0,0,0,0,0.0,-282.96,0,0,0,0,2063.3,0,-10.94,-176.15,0,1527.33,18/08/2025,ME6RDESGCIVZQ1S
McDonald's® (Glendora),e564063f-c4db-401f-b30c-98b41e888739,17547,85,9,2111.96,205.42,2317.38,-16.56,-2.45,-19.01,0,0,0,-312.71,-31.42,0,0,0,0,0.0,-276.06,0,0,0,0,2004.67,0,-9.45,-171.55,0,1507.18,25/08/2025,L9QG7783B722NFY
McDonald's® (L.A. - Huntington),7fbe53bb-1cdd-4da6-958c-13669c7839c0,4310,198,14,4995.43,473.97,5469.4,-26.48,-4.6,-31.08,0,0,0,-748.31,-72.98,0,0,0,0,19.8,-656.34,0,0,0,0,4740.89,0,-38.73,-396.39,0,3545.37,18/08/2025,PCTQ9BUWMHKTLWJ
McDonald's® (L.A. - Huntington),7fbe53bb-1cdd-4da6-958c-13669c7839c0,4310,226,14,5206.61,477.08,5683.69,-77.87,-7.03,-84.9,0,0,0,-851.87,-83.4,0,0,0,0,22.6,-669.74,0,0,0,0,4854.42,0,-40.35,-386.65,0,3594.38,25/08/2025,6HG2UCN04KUU48I
McDonald's® (L.A. - 50Th/Figueroa),72df6cad-e604-4e19-97cc-42b8e674a5ce,26929,246,14,5853.05,524.4,6377.45,-23.17,-4.15,-27.32,0,0,0,-812.07,-77.34,0,0,0,0,24.6,-775.14,0,0,0,0,5589.98,0,-240.38,-442.91,0,4026.89,18/08/2025,MYS7O0ELA7YZG9D
McDonald's® (L.A. - 50Th/Figueroa),72df6cad-e604-4e19-97cc-42b8e674a5ce,26929,190,15,4504.66,408.91,4913.57,-38.18,-3.53,-41.71,0,0,0,-713.94,-69.41,0,0,0,0,19.0,-582.95,0,0,0,0,4218.63,0,-256.24,-335.97,0,2942.35,25/08/2025,E45LUDOC5P54GD3
McDonald's® (Pasadena),8b199a27-009b-49be-97ce-823d7a753aea,15449,286,14,7112.27,697.59,7809.86,-33.06,-4.99,-38.05,0,0,0,-1079.14,-109.72,0,0,0,0,0.0,-925.46,0,0,0,0,6730.72,0,-40.43,-582.88,0,5034.18,18/08/2025,NCFVFZQ3R2ZIKU0
McDonald's® (Pasadena),8b199a27-009b-49be-97ce-823d7a753aea,15449,237,15,5545.32,534.07,6079.39,-71.74,-7.13,-78.87,0,0,0,-964.79,-97.97,0,0,0,0,0.0,-701.32,0,0,0,0,5114.6,0,-40.27,-428.97,0,3772.2,25/08/2025,FKKVIPJGGU6QEIP
McDonald's® (Rosemd & Duarte),4b892c34-4a74-43a3-b849-f14a67f7a96b,13304,223,22,5358.21,495.57,5853.78,-2.98,-3.45,-6.43,0,0,0,-563.93,-57.7,0,0,0,0,0.0,-741.61,0,0,0,0,5289.85,0,-151.28,-434.42,0,3898.41,22/09/2025,C9FQGCKUMOW2S8L
McDonald's® (Rosemd & Duarte),4b892c34-4a74-43a3-b849-f14a67f7a96b,13304,259,25,6247.79,568.79,6816.58,-7.54,-0.77,-8.31,0,0,0,-641.67,-65.14,0,0,0,0,0.0,-865.16,0,0,0,0,6174.91,0,-152.7,-502.88,0,4580.72,29/09/2025,K582NMCXHCCWG8B
McDonald's® (Valley/Walnut Grove),17f08fe8-346f-47b6-be77-2331065e0215,25534,167,23,4068.43,378.55,4446.98,-28.58,-4.07,-32.65,0,0,0,-420.04,-42.82,0,0,0,0,0.0,-562.18,0,0,0,0,4026.94,0,-120.8,-331.66,0,2936.83,22/09/2025,JHZDSFJBAHICKRD
McDonald's® (Valley/Walnut Grove),17f08fe8-346f-47b6-be77-2331065e0215,25534,148,24,3480.72,328.6,3809.32,-10.67,-0.77,-11.44,0,0,0,-414.84,-42.4,0,0,0,0,0.0,-470.52,0,0,0,0,3394.48,0,-142.56,-285.43,0,2442.13,29/09/2025,26CUXOFCRTY4E88
McDonald's® (San Gabrl/San Ga),1f8ab679-c108-4b76-a4ba-62f48e2c9357,11375,71,22,1785.63,167.31,1952.94,33.36,-2.04,31.32,0,0,0,-127.48,-13.22,0,0,0,0,0.0,-260.53,0,0,0,0,1825.46,0,-58.28,-152.05,0,1372.7,22/09/2025,JCJNLSN6PHI3KTX
McDonald's® (San Gabrl/San Ga),1f8ab679-c108-4b76-a4ba-62f48e2c9357,11375,35,18,909.72,87.23,996.95,-36.5,-3.38,-39.88,0,0,0,-70.16,-7.25,0,0,0,0,0.0,-129.17,0,0,0,0,926.79,0,-75.33,-76.6,0,598.56,29/09/2025,081JF9SKT93E8Y0
McDonald's® (S Pasadena-F Oak),d0d08d0d-9b9f-47b0-8958-33b9e25f2f35,942,150,23,3466.24,335.98,3802.22,-6.28,-0.66,-6.94,0,0,0,-285.32,-29.78,0,0,0,0,0.0,-486.95,0,0,0,0,3516.9,0,-56.82,-305.54,0,2630.87,22/09/2025,SQP6ISBLJ1DWS0G
McDonald's® (S Pasadena-F Oak),d0d08d0d-9b9f-47b0-8958-33b9e25f2f35,942,146,25,3436.21,331.57,3767.78,-3.77,-1.06,-4.83,0,0,0,-366.76,-37.94,0,0,0,0,0.0,-472.65,0,0,0,0,3401.02,0,-66.92,-292.57,0,2526.11,29/09/2025,8RJR34WBG87GPXF
McDonald's® (Pasadena/Lake),99e3a709-e1ea-41dd-81f2-9d65086dad02,804,342,27,8007.81,780.27,8788.08,-18.82,-5.15,-23.97,0,0,0,-743.6,-77.09,0,0,0,0,0.0,-1122.16,0,0,0,0,8044.48,0,-174.8,-698.03,0,5948.43,22/09/2025,DDA48HNJIHNMU3F
McDonald's® (Pasadena/Lake),99e3a709-e1ea-41dd-81f2-9d65086dad02,804,327,24,7843.93,775.05,8618.98,-93.81,-7.67,-101.48,0,0,0,-672.28,-69.68,0,0,0,0,0.0,-1105.69,0,0,0,0,7946.7,0,-161.44,-697.7,0,5810.71,29/09/2025,GS3TGIJAUKU4ZTY
McDonald's® (W. Altadena),b4515eb1-36b4-4dc5-afd1-ba6e92b00830,11949,171,24,3771.73,357.5,4129.23,-9.25,-2.15,-11.4,0,0,0,-254.39,-25.92,0,0,0,0,0.0,-541.72,0,0,0,0,3874.84,0,-83.37,-329.43,0,2883.0,22/09/2025,G2YWGXNZISTRV2P
McDonald's® (W. Altadena),b4515eb1-36b4-4dc5-afd1-ba6e92b00830,11949,146,24,3664.26,344.04,4008.3,-10.54,-1.03,-11.57,0,0,0,-347.98,-35.74,0,0,0,0,0.0,-510.93,0,0,0,0,3660.32,0,-134.13,-307.27,0,2660.68,29/09/2025,JTW5OO8AWSM6YGT
McDonald's® (2310 W. COMMONWEALTH),2a9bba74-69c2-42f3-b196-92daa39c535e,34882,201,22,4966.26,494.39,5460.65,-21.88,-3.53,-25.41,0,0,0,-490.72,-51.51,0,0,0,0,0.0,-686.35,0,0,0,0,4969.93,0,-131.23,-439.35,0,3636.08,22/09/2025,WW2P92489HBAFFI
McDonald's® (2310 W. COMMONWEALTH),2a9bba74-69c2-42f3-b196-92daa39c535e,34882,195,23,4722.29,466.77,5189.06,-104.52,-10.15,-114.67,0,0,0,-377.88,-39.54,0,0,0,0,0.0,-670.74,0,0,0,0,4811.18,0,-148.93,-417.08,0,3420.22,29/09/2025,PU1RLDDMTZCB2VY
McDonald's® (Glendora),e564063f-c4db-401f-b30c-98b41e888739,17547,162,18,3906.67,379.26,4285.93,-113.3,-11.41,-124.71,0,0,0,-343.12,-35.53,0,0,0,0,0.0,-549.04,0,0,0,0,3942.81,0,-116.78,-332.32,0,2784.43,22/09/2025,WE78PHJ4DYB0D8M
McDonald's® (Glendora),e564063f-c4db-401f-b30c-98b41e888739,17547,189,22,4474.34,436.84,4911.18,-139.5,-17.69,-157.19,0,0,0,-469.46,-48.75,0,0,0,0,0.0,-618.62,0,0,0,0,4441.72,0,-209.76,-370.4,0,3037.0,29/09/2025,0GHE0YDLJ2JAA61
McDonald's® (L.A. - Huntington),7fbe53bb-1cdd-4da6-958c-13669c7839c0,4310,220,25,5195.76,487.65,5683.41,-12.96,-1.5,-14.46,0,0,0,-416.08,-40.8,0,0,0,0,22.0,-731.08,0,0,0,0,5289.33,0,-161.96,-445.35,0,3895.68,22/09/2025,2MIZ3GOVZOAFKOL
McDonald's® (L.A. - Huntington),7fbe53bb-1cdd-4da6-958c-13669c7839c0,4310,275,28,6498.34,589.83,7088.17,-79.6,-7.38,-86.98,0,0,0,-624.53,-61.69,0,0,0,0,27.5,-904.7,0,0,0,0,6491.14,0,-213.34,-520.76,0,4703.67,29/09/2025,F26LEUG4OSHWPBI
McDonald's® (L.A. - 50Th/Figueroa),72df6cad-e604-4e19-97cc-42b8e674a5ce,26929,211,14,5082.35,457.58,5539.93,-134.35,-15.18,-149.53,0,0,0,-483.11,-47.47,0,0,0,0,21.1,-716.34,0,0,0,0,5077.92,0,-113.13,-394.93,0,3656.52,22/09/2025,1EZAX6AR3N84A63
McDonald's® (L.A. - 50Th/Figueroa),72df6cad-e604-4e19-97cc-42b8e674a5ce,26929,171,14,3903.07,345.47,4248.54,-83.29,-6.1,-89.39,0,0,0,-373.22,-36.43,0,0,0,0,17.1,-550.8,0,0,0,0,3892.42,0,-85.05,-302.94,0,2827.81,29/09/2025,8W0Y61CT5ZMEXJ9
McDonald's® (Pasadena),8b199a27-009b-49be-97ce-823d7a753aea,15449,295,27,6587.0,634.63,7221.63,-81.39,-8.17,-89.56,0,0,0,-676.92,-70.05,0,0,0,0,0.0,-917.32,0,0,0,0,6544.71,0,-190.05,-556.41,0,4721.32,22/09/2025,LM5B3NVDKCKRSIX
McDonald's® (Pasadena),8b199a27-009b-49be-97ce-823d7a753aea,15449,280,25,6228.12,606.65,6834.77,-27.29,-2.83,-30.12,0,0,0,-669.36,-69.64,0,0,0,0,0.0,-852.0,0,0,0,0,6165.41,0,-174.6,-534.18,0,4504.87,29/09/2025,NAW1VQQYZ0O2M3T
