Shop name,Shop ID,Shop ID,Order Count,Count of misc payment,Sales (excl. tax),Tax on sales,Sales (incl. tax),Order error adjustments,Tax on order error adjustments,Order error adjustments (incl. tax),Price adjustments (excl. tax),Tax on price adjustments,Price adjustments (incl. tax),Offers on items (incl. tax),Tax on offers on items,Delivery offer redemptions (incl. tax),Tax on delivery offer redemptions,Offer Redemption Fee,Marketing adjustment,Bag fee,Marketplace Fee,Tax on Marketplace Fee,Delivery network fee,Tax on delivery network fee,Order processing fee,Total sales after adjustments (incl. tax),Capital payments,Other payments,Marketplace facilitator tax,Backup withholding tax,Total payout ,Payout date,Payout reference ID
McDonald's® (Rosemd & Duarte),4b892c34-4a74-43a3-b849-f14a67f7a96b,13304,180,11,4285.35,411.38,4696.73,-15.39,-2.67,-18.06,0,0,0,-628.11,-64.21,0,0,0,0,0,-558.36,0,0,0,0,4068.62,0,-18.99,-344.5,0,3071.86,28/07/2025,5JXSH8PJWFZGCV5
McDonald's® (Rosemd & Duarte),4b892c34-4a74-43a3-b849-f14a67f7a96b,13304,165,10,4230.57,400.87,4631.44,-38.44,-2.54,-40.98,0,0,0,-555.02,-56.79,0,0,0,0,0,-568.41,0,0,0,0,4076.42,0,-20.12,-341.54,0,3048.58,04/08/2025,QIQ3PID8LYK0I9Q
McDonald's® (Valley/Walnut Grove),17f08fe8-346f-47b6-be77-2331065e0215,25534,146,14,3877.23,361.01,4238.24,-35.39,-1.89,-37.28,0,0,0,-587.84,-59.36,0,0,0,0,0,-502.51,0,0,0,0,3650.4,0,-19.34,-299.76,0,2740.15,28/07/2025,L73NDIUA7HPUOPS
McDonald's® (Valley/Walnut Grove),17f08fe8-346f-47b6-be77-2331065e0215,25534,130,12,3023.11,281.99,3305.1,-5.39,-0.53,-5.92,0,0,0,-356.81,-36.48,0,0,0,0,0,-409.51,0,0,0,0,2948.29,0,-19.49,-244.98,0,2231.91,04/08/2025,AB6JMDHNST7NGA2
McDonald's® (San Gabrl/San Ga),1f8ab679-c108-4b76-a4ba-62f48e2c9357,11375,54,8,1304.84,127.34,1432.18,-9.78,-1.03,-10.81,0,0,0,-131.27,-13.33,0,0,0,0,0,-179.31,0,0,0,0,1300.91,0,-8.31,-112.98,0,978.41,28/07/2025,PLFTJETXN5R1AE9
McDonald's® (San Gabrl/San Ga),1f8ab679-c108-4b76-a4ba-62f48e2c9357,11375,48,11,1134.8,108.21,1243.01,1.81,-0.84,0.97,0,0,0,-66.3,-6.71,0,0,0,0,0,-162.83,0,0,0,0,1176.71,0,-10.93,-100.66,0,896.55,04/08/2025,9XEBD1RWHKH3BJ2
McDonald's® (S Pasadena-F Oak),d0d08d0d-9b9f-47b0-8958-33b9e25f2f35,942,127,13,2957.17,289.98,3247.15,-1.54,-0.63,-2.17,0,0,0,-263.06,-27.48,0,0,0,0,0,-416.01,0,0,0,0,2984.09,0,-20.41,-261.87,0,2263.51,28/07/2025,WBZRBLERDTHUDTZ
McDonald's® (S Pasadena-F Oak),d0d08d0d-9b9f-47b0-8958-33b9e25f2f35,942,130,13,3161.43,305.59,3467.02,-8.72,-0.53,-9.25,0,0,0,-349.82,-36.12,0,0,0,0,0,-434.36,0,0,0,0,3117.2,0,-18.85,-268.94,0,2349.68,04/08/2025,RUAYOSLL2NPAUE4
McDonald's® (Pasadena/Lake),99e3a709-e1ea-41dd-81f2-9d65086dad02,804,354,16,8667.65,848.84,9516.49,-80.58,-9.8,-90.38,0,0,0,-1036.15,-108.38,0,0,0,0,0,-1165.05,0,0,0,0,8480.34,0,-99.81,-730.66,0,6298.22,28/07/2025,NFXGOKA1RP4JAA7
McDonald's® (Pasadena/Lake),99e3a709-e1ea-41dd-81f2-9d65086dad02,804,321,13,7594.23,742.01,8336.24,-84.39,-8.86,-93.25,0,0,0,-827.52,-86.98,0,0,0,0,0,-1032.92,0,0,0,0,7508.72,0,-40.98,-646.17,0,5608.42,04/08/2025,UEJZ9B2P0CV9ZU7
McDonald's® (W. Altadena),b4515eb1-36b4-4dc5-afd1-ba6e92b00830,11949,128,13,3073.92,297.66,3371.58,-32.21,-3.3,-35.51,0,0,0,-372.55,-38.26,0,0,0,0,0,-414.01,0,0,0,0,2999.03,0,-72.36,-256.1,0,2189.51,28/07/2025,3JZ7DEA3IDPK6SZ
McDonald's® (W. Altadena),b4515eb1-36b4-4dc5-afd1-ba6e92b00830,11949,122,11,3018.45,290.31,3308.76,-18.11,-2.45,-20.56,0,0,0,-313.85,-32.5,0,0,0,0,0,-414.88,0,0,0,0,2994.91,0,-21.3,-255.36,0,2250.31,04/08/2025,XZVWK5SF7WUYOFU
McDonald's® (2310 W. COMMONWEALTH),2a9bba74-69c2-42f3-b196-92daa39c535e,34882,154,11,3843.51,380.75,4224.26,-73.42,-5.74,-79.16,0,0,0,-504.68,-52.8,0,0,0,0,0,-513.91,0,0,0,0,3719.58,0,-20.92,-322.21,0,2737.94,28/07/2025,MFAK8SK09SEPMP4
McDonald's® (2310 W. COMMONWEALTH),2a9bba74-69c2-42f3-b196-92daa39c535e,34882,143,9,3620.27,361.49,3981.76,-30.43,-2.8,-33.23,0,0,0,-485,-50.61,0,0,0,0,0,-478.01,0,0,0,0,3496.76,0,-19.36,-308.08,0,2607.47,04/08/2025,YQ7YGU0OFQXN500
McDonald's® (Glendora),e564063f-c4db-401f-b30c-98b41e888739,17547,93,9,2379.02,232.87,2611.89,11.83,-0.99,10.84,0,0,0,-328.08,-34.89,0,0,0,0,0,-313.12,0,0,0,0,2283.81,0,-10,-196.99,0,1745.09,28/07/2025,CIUIWT2C5CRXVDO
McDonald's® (Glendora),e564063f-c4db-401f-b30c-98b41e888739,17547,84,12,2396.46,232.97,2629.43,-30.44,-3.25,-33.69,0,0,0,-194.05,-20.35,0,0,0,0,0,-336.55,0,0,0,0,2435.38,0,-11.23,-209.37,0,1824.19,04/08/2025,GNCFR58UPDI3KEZ
McDonald's® (L.A. - Huntington),7fbe53bb-1cdd-4da6-958c-13669c7839c0,4310,196,14,5011.54,464.15,5475.69,-71.84,-7.01,-78.85,0,0,0,-642.26,-63.7,0,0,0,0,19.6,-664.65,0,0,0,0,4853.03,0,-39.94,-393.44,0,3617.57,28/07/2025,2TGOWEJO795URS2
McDonald's® (L.A. - Huntington),7fbe53bb-1cdd-4da6-958c-13669c7839c0,4310,225,13,6009.93,561.77,6571.7,-16.97,-4.41,-21.38,0,0,0,-781.09,-77.31,0,0,0,0,22.5,-803.62,0,0,0,0,5813.11,0,-41.71,-480.05,0,4389.04,04/08/2025,CC8O6D8KOV33S71
McDonald's® (L.A. - 50Th/Figueroa),72df6cad-e604-4e19-97cc-42b8e674a5ce,26929,245,15,5969.99,546.58,6516.57,-90.18,-10.44,-100.62,0,0,0,-685.01,-67.38,0,0,0,0,24.5,-816.99,0,0,0,0,5856.06,0,-257.16,-468.76,0,4161.79,28/07/2025,5PJZ36OH37CRRW7
McDonald's® (L.A. - 50Th/Figueroa),72df6cad-e604-4e19-97cc-42b8e674a5ce,26929,229,14,5902.27,534.16,6436.43,-32.39,-3.15,-35.54,0,0,0,-677.58,-66.65,0,0,0,0,22.9,-807.89,0,0,0,0,5781.75,0,-251.24,-464.36,0,4156.07,04/08/2025,UM9ND8SAY8P8Y9F
McDonald's® (Pasadena),8b199a27-009b-49be-97ce-823d7a753aea,15449,230,15,5592.01,547.02,6139.03,-17.9,-3.49,-21.39,0,0,0,-638.87,-66.75,0,0,0,0,0,-754.6,0,0,0,0,5500.16,0,-39.12,-476.78,0,4154.96,28/07/2025,DXJSG060QJ2E3B0
McDonald's® (Pasadena),8b199a27-009b-49be-97ce-823d7a753aea,15449,239,14,5913.29,581.3,6494.59,-19.61,-1.97,-21.58,0,0,0,-596.7,-62.12,0,0,0,0,0,-816.54,0,0,0,0,5897.89,0,-39.06,-517.21,0,4441.38,04/08/2025,NE96JXD3OX7SKPO
